loss,grad_norm,learning_rate,rewards/chosen,rewards/rejected,rewards/accuracies,rewards/margins,logps/chosen,logps/rejected,logits/chosen,logits/rejected,epoch,step,eval_loss,eval_runtime,eval_samples_per_second,eval_steps_per_second,eval_rewards/chosen,eval_rewards/rejected,eval_rewards/accuracies,eval_rewards/margins,eval_logps/chosen,eval_logps/rejected,eval_logits/chosen,eval_logits/rejected,train_runtime,train_samples_per_second,train_steps_per_second,total_flos,train_loss
0.9512,5201.74853515625,4.955223880597016e-06,-0.9924249649047852,-0.9952875375747681,0.44999998807907104,0.0028625489212572575,-172.8289794921875,-203.5496826171875,1976.6171875,1976.246826171875,0.04975124378109453,10,,,,,,,,,,,,,,,,,
,,,,,,,,,,,0.04975124378109453,10,1.3526889085769653,0.6796,336.985,42.675,-1.1981937885284424,-0.6813026070594788,0.4181034564971924,-0.5168910622596741,-227.0968475341797,-180.94686889648438,1976.1226806640625,1976.6395263671875,,,,,
1.0357,11611.4521484375,4.905472636815921e-06,-0.39839664101600647,-0.4078601002693176,0.6000000238418579,0.009463501162827015,-170.0178680419922,-210.36758422851562,1976.348388671875,1975.6533203125,0.09950248756218906,20,,,,,,,,,,,,,,,,,
,,,,,,,,,,,0.09950248756218906,20,1.3414658308029175,0.7664,298.787,37.838,-1.1888551712036133,-0.7152985334396362,0.4663792848587036,-0.47355663776397705,-227.0034637451172,-181.28680419921875,1975.9649658203125,1976.5362548828125,,,,,
0.9934,7749.59765625,4.8557213930348265e-06,-0.5757769346237183,-0.9633935689926147,0.6000000238418579,0.3876166343688965,-203.20791625976562,-209.6810302734375,1976.818115234375,1976.1304931640625,0.14925373134328357,30,,,,,,,,,,,,,,,,,
,,,,,,,,,,,0.14925373134328357,30,1.2232346534729004,0.7167,319.519,40.463,-1.1403419971466064,-0.8043526411056519,0.4413793087005615,-0.335989385843277,-226.51834106445312,-182.17735290527344,1976.0185546875,1976.5986328125,,,,,
0.9665,8691.2998046875,4.805970149253732e-06,-0.3068389594554901,-0.6655492782592773,0.550000011920929,0.35871028900146484,-170.95687866210938,-194.1976318359375,1976.7777099609375,1976.7476806640625,0.19900497512437812,40,,,,,,,,,,,,,,,,,
,,,,,,,,,,,0.19900497512437812,40,1.275943398475647,0.7411,309.006,39.132,-1.1309229135513306,-0.7539594769477844,0.4206896424293518,-0.3769635558128357,-226.4241485595703,-181.67344665527344,1975.8905029296875,1976.471923828125,,,,,
1.2711,9292.921875,4.756218905472637e-06,-0.7538636326789856,-0.8840785026550293,0.44999998807907104,0.13021481037139893,-203.67514038085938,-188.8809814453125,1975.5306396484375,1975.742431640625,0.24875621890547264,50,,,,,,,,,,,,,,,,,
,,,,,,,,,,,0.24875621890547264,50,1.2952284812927246,0.7448,307.469,38.937,-1.0359039306640625,-0.7125282287597656,0.4517241418361664,-0.32337573170661926,-225.4739532470703,-181.25912475585938,1975.6588134765625,1976.24951171875,,,,,
0.6912,2757.7109375,4.706467661691543e-06,-0.3757897913455963,-0.9220403432846069,0.550000011920929,0.5462506413459778,-170.2989959716797,-200.6469268798828,1975.9654541015625,1975.3726806640625,0.29850746268656714,60,,,,,,,,,,,,,,,,,
,,,,,,,,,,,0.29850746268656714,60,1.1586663722991943,0.628,364.653,46.179,-0.7763020992279053,-0.71845543384552,0.4818965792655945,-0.057846687734127045,-222.87796020507812,-181.31838989257812,1975.359619140625,1975.984130859375,,,,,
1.3996,3695.30224609375,4.656716417910448e-06,-0.9698041677474976,-0.5263756513595581,0.44999998807907104,-0.4434283375740051,-200.22702026367188,-185.46380615234375,1975.9931640625,1975.038818359375,0.3482587064676617,70,,,,,,,,,,,,,,,,,
,,,,,,,,,,,0.3482587064676617,70,1.3005589246749878,0.6449,355.085,44.967,-0.968245267868042,-0.7048941850662231,0.4793103337287903,-0.26335108280181885,-224.79736328125,-181.1827850341797,1975.2562255859375,1975.844482421875,,,,,
1.2603,7242.31494140625,4.606965174129354e-06,-0.9985583424568176,-0.8801592588424683,0.6000000238418579,-0.11839904636144638,-224.61611938476562,-211.76370239257812,1975.2445068359375,1975.3880615234375,0.39800995024875624,80,,,,,,,,,,,,,,,,,
,,,,,,,,,,,0.39800995024875624,80,1.2765860557556152,0.6321,362.259,45.876,-0.9197115898132324,-0.6974096894264221,0.5103448629379272,-0.22230187058448792,-224.31202697753906,-181.10792541503906,1975.0274658203125,1975.6656494140625,,,,,
0.8782,5111.533203125,4.557213930348259e-06,-0.7644757032394409,-1.5776910781860352,0.699999988079071,0.8132153749465942,-191.95748901367188,-220.56173706054688,1975.1123046875,1974.915771484375,0.44776119402985076,90,,,,,,,,,,,,,,,,,
,,,,,,,,,,,0.44776119402985076,90,1.2149417400360107,0.6303,363.298,46.007,-0.6126110553741455,-0.45346036553382874,0.47758620977401733,-0.15915070474147797,-221.2410125732422,-178.66845703125,1974.725830078125,1975.4398193359375,,,,,
1.2765,7977.58984375,4.507462686567165e-06,-0.8835858106613159,-0.5376526117324829,0.44999998807907104,-0.3459332287311554,-176.31552124023438,-189.81195068359375,1974.8802490234375,1975.009521484375,0.4975124378109453,100,,,,,,,,,,,,,,,,,
,,,,,,,,,,,0.4975124378109453,100,1.2117016315460205,0.6305,363.214,45.997,-0.586609959602356,-0.5070944428443909,0.507758617401123,-0.07951545715332031,-220.9810028076172,-179.20477294921875,1974.52392578125,1975.2646484375,,,,,
0.8555,3704.28125,4.45771144278607e-06,0.021070564165711403,-0.12912046909332275,0.5,0.1501910388469696,-160.1654052734375,-140.4154815673828,1975.413330078125,1974.4964599609375,0.5472636815920398,110,,,,,,,,,,,,,,,,,
,,,,,,,,,,,0.5472636815920398,110,1.0268007516860962,0.6881,332.793,42.144,-0.3467094302177429,-0.6396652460098267,0.5344827771186829,0.2929559051990509,-218.5819854736328,-180.53048706054688,1974.4532470703125,1975.1737060546875,,,,,
1.1458,19253.96875,4.407960199004976e-06,-0.5575445890426636,-0.39086848497390747,0.3499999940395355,-0.16667599976062775,-176.1493377685547,-169.88890075683594,1975.6810302734375,1974.7060546875,0.5970149253731343,120,,,,,,,,,,,,,,,,,
,,,,,,,,,,,0.5970149253731343,120,1.1437127590179443,0.7029,325.772,41.255,-0.46305644512176514,-0.5849940180778503,0.5474137663841248,0.12193762511014938,-219.74546813964844,-179.98379516601562,1974.4390869140625,1975.2015380859375,,,,,
1.4919,8237.255859375,4.358208955223881e-06,-0.6612548828125,0.14628906548023224,0.30000001192092896,-0.807543933391571,-183.7638702392578,-195.5596466064453,1975.161376953125,1974.522216796875,0.6467661691542289,130,,,,,,,,,,,,,,,,,
,,,,,,,,,,,0.6467661691542289,130,1.1780691146850586,0.7227,316.851,40.125,-0.5359682440757751,-0.5523369908332825,0.5275862216949463,0.0163686852902174,-220.47457885742188,-179.6572265625,1974.4600830078125,1975.231689453125,,,,,
0.7896,5438.12060546875,4.308457711442786e-06,-0.5063140392303467,-0.6274603605270386,0.6000000238418579,0.12114624679088593,-189.56674194335938,-177.3083953857422,1974.472412109375,1974.7392578125,0.6965174129353234,140,,,,,,,,,,,,,,,,,
,,,,,,,,,,,0.6965174129353234,140,1.038889765739441,0.6012,380.922,48.239,-0.35364142060279846,-0.5547963976860046,0.5250000357627869,0.20115497708320618,-218.6513214111328,-179.6818084716797,1974.5242919921875,1975.3211669921875,,,,,
1.2572,7648.29443359375,4.258706467661692e-06,-0.34970641136169434,-0.36605530977249146,0.550000011920929,0.016348909586668015,-169.4864044189453,-222.545654296875,1975.017822265625,1974.202880859375,0.746268656716418,150,,,,,,,,,,,,,,,,,
,,,,,,,,,,,0.746268656716418,150,1.1414175033569336,0.7122,321.561,40.722,-0.44107410311698914,-0.4978213608264923,0.5534482598304749,0.05674723908305168,-219.52565002441406,-179.11207580566406,1974.4580078125,1975.185302734375,,,,,
1.5158,6303.650390625,4.208955223880597e-06,-0.5629290342330933,0.26801639795303345,0.25,-0.8309453725814819,-191.7864227294922,-193.416015625,1974.950439453125,1974.336669921875,0.7960199004975125,160,,,,,,,,,,,,,,,,,
,,,,,,,,,,,0.7960199004975125,160,1.1795971393585205,0.6809,336.313,42.59,-0.5370301604270935,-0.5218900442123413,0.501724123954773,-0.015140186063945293,-220.48519897460938,-179.35275268554688,1974.462646484375,1975.1593017578125,,,,,
0.9613,10731.416015625,4.159203980099503e-06,-0.4935968518257141,-0.5868231654167175,0.6000000238418579,0.0932263508439064,-202.81594848632812,-166.65371704101562,1973.675537109375,1974.1021728515625,0.845771144278607,170,,,,,,,,,,,,,,,,,
,,,,,,,,,,,0.845771144278607,170,1.16189444065094,0.6267,365.398,46.273,-0.4075688123703003,-0.4466245174407959,0.490517258644104,0.03905569016933441,-219.1905975341797,-178.60008239746094,1974.4422607421875,1975.180419921875,,,,,
0.6637,6672.921875,4.109452736318408e-06,-0.3789862394332886,-0.9589276313781738,0.6000000238418579,0.5799413919448853,-231.2122039794922,-217.5802001953125,1974.1298828125,1974.574462890625,0.8955223880597015,180,,,,,,,,,,,,,,,,,
,,,,,,,,,,,0.8955223880597015,180,1.0194767713546753,0.7008,326.765,41.381,-0.26976752281188965,-0.5758397579193115,0.5465517640113831,0.3060722053050995,-217.81259155273438,-179.89224243164062,1974.5802001953125,1975.2738037109375,,,,,
1.3996,8731.892578125,4.059701492537314e-06,-0.737927258014679,-0.5077099800109863,0.44999998807907104,-0.23021726310253143,-217.31375122070312,-216.4158935546875,1974.785400390625,1974.727294921875,0.945273631840796,190,,,,,,,,,,,,,,,,,
,,,,,,,,,,,0.945273631840796,190,1.088287115097046,0.7221,317.12,40.159,-0.30332493782043457,-0.5441674590110779,0.5681034326553345,0.2408425211906433,-218.1481475830078,-179.5755157470703,1974.5262451171875,1975.2318115234375,,,,,
1.359,7095.44091796875,4.009950248756219e-06,-0.5909125208854675,0.019017362967133522,0.3499999940395355,-0.6099298000335693,-176.747314453125,-217.35794067382812,1974.976318359375,1974.6956787109375,0.9950248756218906,200,,,,,,,,,,,,,,,,,
,,,,,,,,,,,0.9950248756218906,200,1.0023694038391113,0.6305,363.217,45.997,-0.3198658525943756,-0.6595386266708374,0.5793102979660034,0.339672714471817,-218.31358337402344,-180.72921752929688,1974.4390869140625,1975.140869140625,,,,,
0.4774,6710.5712890625,3.960199004975125e-06,0.20788268744945526,-0.917902946472168,0.699999988079071,1.1257855892181396,-227.97012329101562,-210.5094757080078,1974.6800537109375,1974.975341796875,1.044776119402985,210,,,,,,,,,,,,,,,,,
,,,,,,,,,,,1.044776119402985,210,1.0547493696212769,0.7119,321.665,40.735,-0.4440741240978241,-0.7215610146522522,0.509482741355896,0.27748700976371765,-219.55564880371094,-181.3494415283203,1974.5386962890625,1975.2386474609375,,,,,
0.713,2998.4296875,3.91044776119403e-06,-0.14640378952026367,-0.8919146656990051,0.6000000238418579,0.7455108761787415,-188.4739990234375,-207.5387420654297,1975.372314453125,1974.7783203125,1.0945273631840795,220,,,,,,,,,,,,,,,,,
,,,,,,,,,,,1.0945273631840795,220,1.0093129873275757,0.6522,351.099,44.462,-0.39518582820892334,-0.785198450088501,0.5853448510169983,0.3900126814842224,-219.0667724609375,-181.98582458496094,1974.5941162109375,1975.2408447265625,,,,,
1.28,8004.541015625,3.8606965174129355e-06,0.020302701741456985,0.037591539323329926,0.5,-0.01728883944451809,-180.54696655273438,-213.7856903076172,1975.035400390625,1974.4263916015625,1.144278606965174,230,,,,,,,,,,,,,,,,,
,,,,,,,,,,,1.144278606965174,230,1.0072927474975586,0.6575,348.271,44.104,-0.41017210483551025,-0.6997946500778198,0.5534482598304749,0.2896226644515991,-219.2166290283203,-181.13177490234375,1974.80908203125,1975.4222412109375,,,,,
0.7365,5069.40966796875,3.810945273631841e-06,0.2037823647260666,-0.6197381615638733,0.6000000238418579,0.8235204815864563,-183.7017822265625,-184.8475341796875,1976.138671875,1975.1510009765625,1.1940298507462686,240,,,,,,,,,,,,,,,,,
,,,,,,,,,,,1.1940298507462686,240,1.1625776290893555,0.6623,345.754,43.785,-0.6556445360183716,-0.7582288384437561,0.5241379141807556,0.10258428007364273,-221.67135620117188,-181.71612548828125,1974.87255859375,1975.51025390625,,,,,
1.0893,15307.5615234375,3.7611940298507467e-06,-0.7591949701309204,-0.7468158006668091,0.550000011920929,-0.012379145249724388,-169.2694549560547,-185.59164428710938,1975.617919921875,1974.9974365234375,1.243781094527363,250,,,,,,,,,,,,,,,,,
,,,,,,,,,,,1.243781094527363,250,1.1303044557571411,0.6505,352.054,44.583,-0.6754881739616394,-0.791290283203125,0.5258620977401733,0.11580220609903336,-221.86978149414062,-182.04673767089844,1975.0003662109375,1975.652587890625,,,,,
1.0603,8112.931640625,3.711442786069652e-06,-0.7116125822067261,-0.9634552001953125,0.44999998807907104,0.2518426477909088,-172.01785278320312,-207.28164672851562,1975.110107421875,1974.7652587890625,1.2935323383084576,260,,,,,,,,,,,,,,,,,
,,,,,,,,,,,1.2935323383084576,260,1.1520756483078003,0.6742,339.661,43.014,-0.7664562463760376,-0.8994496464729309,0.4974138140678406,0.13299335539340973,-222.7794647216797,-183.12832641601562,1974.7528076171875,1975.43017578125,,,,,
0.6503,3076.0,3.6616915422885575e-06,-0.09785093367099762,-1.243211030960083,0.75,1.1453602313995361,-170.2468719482422,-184.77163696289062,1974.638427734375,1974.3509521484375,1.3432835820895521,270,,,,,,,,,,,,,,,,,
,,,,,,,,,,,1.3432835820895521,270,1.1229867935180664,0.6335,361.456,45.774,-0.792665958404541,-0.9600663185119629,0.5336207151412964,0.1674003303050995,-223.04156494140625,-183.73452758789062,1974.5782470703125,1975.27392578125,,,,,
1.4622,21736.9921875,3.611940298507463e-06,-0.5933240652084351,-0.05757265165448189,0.44999998807907104,-0.5357512831687927,-185.9927978515625,-191.82080078125,1974.574462890625,1975.251708984375,1.3930348258706466,280,,,,,,,,,,,,,,,,,
,,,,,,,,,,,1.3930348258706466,280,1.082149624824524,0.6465,354.216,44.857,-0.7374846339225769,-0.9803975224494934,0.5637931227684021,0.24291293323040009,-222.48974609375,-183.9378204345703,1974.5093994140625,1975.17431640625,,,,,
0.7302,4968.50341796875,3.5621890547263683e-06,-0.22252257168293,-0.7166595458984375,0.6499999761581421,0.4941369593143463,-184.89443969726562,-168.26358032226562,1975.2568359375,1974.706787109375,1.4427860696517412,290,,,,,,,,,,,,,,,,,
,,,,,,,,,,,1.4427860696517412,290,1.134022831916809,0.6674,343.116,43.451,-0.8256861567497253,-0.9273393750190735,0.5422413945198059,0.10165314376354218,-223.3717803955078,-183.4072265625,1974.43408203125,1975.1014404296875,,,,,
1.2132,16645.6875,3.512437810945274e-06,-1.4954192638397217,-1.1078119277954102,0.4000000059604645,-0.3876074254512787,-223.31991577148438,-208.5937957763672,1974.4281005859375,1974.727294921875,1.4925373134328357,300,,,,,,,,,,,,,,,,,
,,,,,,,,,,,1.4925373134328357,300,1.0906429290771484,0.6314,362.691,45.93,-0.8317338228225708,-0.9460934400558472,0.5034483075141907,0.11435960233211517,-223.4322509765625,-183.5947723388672,1974.56591796875,1975.2357177734375,,,,,
0.6724,10857.9404296875,3.4626865671641795e-06,0.09379696846008301,-0.8477856516838074,0.699999988079071,0.9415826797485352,-177.22242736816406,-172.92018127441406,1974.782470703125,1974.749755859375,1.5422885572139302,310,,,,,,,,,,,,,,,,,
,,,,,,,,,,,1.5422885572139302,310,1.0697818994522095,0.6354,360.428,45.644,-0.7056259512901306,-0.8824034333229065,0.5448275804519653,0.17677754163742065,-222.17115783691406,-182.9578857421875,1974.5028076171875,1975.1954345703125,,,,,
0.5338,7226.2470703125,3.412935323383085e-06,-0.22474975883960724,-1.345044493675232,0.75,1.1202948093414307,-195.2598114013672,-222.3498077392578,1973.1451416015625,1974.620849609375,1.5920398009950247,320,,,,,,,,,,,,,,,,,
,,,,,,,,,,,1.5920398009950247,320,1.0819448232650757,0.6403,357.641,45.291,-0.7904359102249146,-0.9261714816093445,0.5250000357627869,0.1357356160879135,-223.01925659179688,-183.3955535888672,1974.466064453125,1975.1199951171875,,,,,
0.8306,11421.3427734375,3.3631840796019903e-06,-0.1105639711022377,-0.7485504150390625,0.75,0.6379865407943726,-201.58935546875,-202.40463256835938,1975.199951171875,1975.0364990234375,1.6417910447761193,330,,,,,,,,,,,,,,,,,
,,,,,,,,,,,1.6417910447761193,330,1.0992612838745117,0.6473,353.804,44.805,-0.6917406916618347,-0.8125655055046082,0.5250000357627869,0.12082481384277344,-222.03228759765625,-182.25949096679688,1974.4671630859375,1975.16162109375,,,,,
0.8312,11466.69921875,3.3134328358208957e-06,-0.4257226884365082,-0.9271435737609863,0.5,0.5014208555221558,-185.7772216796875,-175.2023162841797,1975.3568115234375,1974.919921875,1.6915422885572138,340,,,,,,,,,,,,,,,,,
,,,,,,,,,,,1.6915422885572138,340,1.042641520500183,0.6612,346.347,43.861,-0.6591578125953674,-0.8926709294319153,0.5448275804519653,0.23351308703422546,-221.7064971923828,-183.06056213378906,1974.56201171875,1975.200927734375,,,,,
0.5869,2078.0810546875,3.263681592039801e-06,-0.22249145805835724,-1.1617944240570068,0.699999988079071,0.9393030405044556,-201.1324920654297,-182.23191833496094,1975.3414306640625,1975.218505859375,1.7412935323383083,350,,,,,,,,,,,,,,,,,
,,,,,,,,,,,1.7412935323383083,350,1.1627386808395386,0.6391,358.301,45.374,-0.8576105237007141,-0.8497611284255981,0.5250000357627869,-0.007849401794373989,-223.69100952148438,-182.63145446777344,1974.5909423828125,1975.2564697265625,,,,,
0.7472,2532.074462890625,3.213930348258707e-06,0.2607208490371704,-0.636517345905304,0.6000000238418579,0.8972381353378296,-173.40005493164062,-197.903076171875,1974.692626953125,1975.0716552734375,1.7910447761194028,360,,,,,,,,,,,,,,,,,
,,,,,,,,,,,1.7910447761194028,360,1.0004477500915527,0.7003,327.025,41.414,-0.6752382516860962,-0.8869744539260864,0.5206896662712097,0.21173624694347382,-221.86729431152344,-183.00360107421875,1974.5147705078125,1975.2183837890625,,,,,
0.5237,2012.695556640625,3.164179104477612e-06,0.2016625851392746,-1.308635950088501,0.699999988079071,1.510298490524292,-183.3868408203125,-183.9154510498047,1974.1673583984375,1974.759765625,1.8407960199004973,370,,,,,,,,,,,,,,,,,
,,,,,,,,,,,1.8407960199004973,370,1.1559444665908813,0.6785,337.506,42.741,-0.7410069704055786,-0.743492841720581,0.5232758522033691,0.002485813805833459,-222.52499389648438,-181.56878662109375,1974.4625244140625,1975.1492919921875,,,,,
0.7785,10585.4892578125,3.1144278606965178e-06,-0.03177855163812637,-0.5846472382545471,0.75,0.552868664264679,-183.87570190429688,-212.15640258789062,1975.1390380859375,1974.916748046875,1.890547263681592,380,,,,,,,,,,,,,,,,,
,,,,,,,,,,,1.890547263681592,380,1.1189442873001099,0.6378,359.06,45.47,-0.7810519933700562,-0.9263734221458435,0.5258620977401733,0.1453215628862381,-222.92544555664062,-183.3975830078125,1974.54345703125,1975.204833984375,,,,,
1.0866,7045.51220703125,3.0646766169154228e-06,-1.0673778057098389,-1.2268024682998657,0.550000011920929,0.15942446887493134,-178.23245239257812,-190.04806518554688,1975.1220703125,1974.337646484375,1.9402985074626866,390,,,,,,,,,,,,,,,,,
,,,,,,,,,,,1.9402985074626866,390,1.0556086301803589,0.662,345.91,43.805,-0.718395471572876,-0.8888556957244873,0.5775862336158752,0.17046019434928894,-222.29884338378906,-183.02239990234375,1974.5538330078125,1975.22998046875,,,,,
0.9081,11379.3017578125,3.0149253731343286e-06,-0.2212396115064621,-0.9641974568367004,0.6000000238418579,0.7429577112197876,-201.35009765625,-184.67520141601562,1974.7318115234375,1975.0718994140625,1.9900497512437811,400,,,,,,,,,,,,,,,,,
,,,,,,,,,,,1.9900497512437811,400,1.1217845678329468,0.6484,353.152,44.722,-0.64408940076828,-0.7699704766273499,0.5189655423164368,0.12588106095790863,-221.55581665039062,-181.8335418701172,1974.5716552734375,1975.2177734375,,,,,
0.5456,4425.12548828125,2.9651741293532344e-06,-0.061706554144620895,-1.256450891494751,0.8500000238418579,1.194744348526001,-192.84022521972656,-180.00819396972656,1974.3804931640625,1974.2406005859375,2.0398009950248754,410,,,,,,,,,,,,,,,,,
,,,,,,,,,,,2.0398009950248754,410,1.0860806703567505,0.6853,334.159,42.317,-0.7332853078842163,-0.914569616317749,0.5465517640113831,0.1812843382358551,-222.44776916503906,-183.27952575683594,1974.607177734375,1975.27294921875,,,,,
0.6677,6685.447265625,2.9154228855721394e-06,-0.17166687548160553,-1.347456693649292,0.75,1.1757898330688477,-187.34896850585938,-202.95376586914062,1975.3677978515625,1975.7135009765625,2.08955223880597,420,,,,,,,,,,,,,,,,,
,,,,,,,,,,,2.08955223880597,420,0.9965022802352905,0.6344,360.976,45.713,-0.5165830850601196,-0.864582896232605,0.5603448152542114,0.34799984097480774,-220.28074645996094,-182.77967834472656,1974.585693359375,1975.2581787109375,,,,,
0.6196,5817.775390625,2.8656716417910452e-06,-0.2022283971309662,-1.0673573017120361,0.699999988079071,0.8651286959648132,-188.31356811523438,-202.08078002929688,1974.606689453125,1974.371337890625,2.1393034825870645,430,,,,,,,,,,,,,,,,,
,,,,,,,,,,,2.1393034825870645,430,0.9501743316650391,0.6483,353.258,44.736,-0.38597404956817627,-0.7629102468490601,0.5862069129943848,0.37693631649017334,-218.9746551513672,-181.76295471191406,1974.548095703125,1975.1939697265625,,,,,
0.629,7157.98291015625,2.81592039800995e-06,0.23654723167419434,-1.2580256462097168,0.75,1.4945728778839111,-205.5088653564453,-198.9461212158203,1975.0543212890625,1974.873779296875,2.189054726368159,440,,,,,,,,,,,,,,,,,
,,,,,,,,,,,2.189054726368159,440,0.971555769443512,0.6523,351.059,44.457,-0.3389025628566742,-0.8476681709289551,0.5534482598304749,0.5087656378746033,-218.50393676757812,-182.6105194091797,1974.5523681640625,1975.1885986328125,,,,,
0.55,5365.02587890625,2.766169154228856e-06,0.30582213401794434,-0.8143407702445984,0.75,1.120163083076477,-223.48291015625,-213.35580444335938,1974.9830322265625,1974.8363037109375,2.2388059701492535,450,,,,,,,,,,,,,,,,,
,,,,,,,,,,,2.2388059701492535,450,1.1178451776504517,0.7033,325.627,41.237,-0.5982149243354797,-0.8364478349685669,0.5362069010734558,0.23823300004005432,-221.09706115722656,-182.49832153320312,1974.5052490234375,1975.1834716796875,,,,,
0.7281,5140.01904296875,2.716417910447761e-06,-0.07518555223941803,-1.2641308307647705,0.75,1.1889454126358032,-185.3544921875,-216.38827514648438,1974.619140625,1974.9388427734375,2.288557213930348,460,,,,,,,,,,,,,,,,,
,,,,,,,,,,,2.288557213930348,460,1.0283921957015991,0.646,354.467,44.889,-0.6778954267501831,-1.0260177850723267,0.5534482598304749,0.34812232851982117,-221.89385986328125,-184.39402770996094,1974.633056640625,1975.2904052734375,,,,,
0.5732,5519.01513671875,2.666666666666667e-06,0.5316235423088074,-0.6784869432449341,0.6499999761581421,1.2101104259490967,-153.3616485595703,-163.82980346679688,1975.087646484375,1975.119873046875,2.3383084577114426,470,,,,,,,,,,,,,,,,,
,,,,,,,,,,,2.3383084577114426,470,1.118038535118103,0.6814,336.082,42.561,-0.7618259191513062,-0.9172729849815369,0.5474137663841248,0.15544717013835907,-222.73316955566406,-183.30657958984375,1974.7906494140625,1975.3829345703125,,,,,
0.4131,2431.39208984375,2.6169154228855727e-06,0.19215695559978485,-1.4588123559951782,0.8500000238418579,1.6509692668914795,-181.0397186279297,-193.65951538085938,1975.058349609375,1973.757080078125,2.388059701492537,480,,,,,,,,,,,,,,,,,
,,,,,,,,,,,2.388059701492537,480,1.051282286643982,0.664,344.866,43.673,-0.7518354654312134,-1.0572670698165894,0.5551724433898926,0.30543163418769836,-222.63327026367188,-184.70652770996094,1974.79345703125,1975.3531494140625,,,,,
1.1253,10425.626953125,2.5671641791044776e-06,-1.495221495628357,-1.5698754787445068,0.4000000059604645,0.07465393841266632,-211.6125946044922,-211.08447265625,1975.298583984375,1975.088134765625,2.4378109452736316,490,,,,,,,,,,,,,,,,,
,,,,,,,,,,,2.4378109452736316,490,1.1161473989486694,0.7039,325.312,41.197,-0.8376570343971252,-0.9511431455612183,0.5275862216949463,0.11348605901002884,-223.49148559570312,-183.64527893066406,1974.8011474609375,1975.414794921875,,,,,
0.2656,1357.4755859375,2.5174129353233835e-06,0.272073358297348,-1.605914831161499,0.8999999761581421,1.8779882192611694,-196.6669158935547,-191.0073699951172,1975.7974853515625,1974.9456787109375,2.487562189054726,500,,,,,,,,,,,,,,,,,
,,,,,,,,,,,2.487562189054726,500,1.2860277891159058,0.6476,353.619,44.781,-1.0343806743621826,-0.8791846036911011,0.4818965792655945,-0.15519599616527557,-225.45870971679688,-182.92567443847656,1974.80029296875,1975.4261474609375,,,,,
0.6254,6428.6962890625,2.467661691542289e-06,-0.06039796024560928,-0.9533971548080444,0.75,0.8929992914199829,-178.822998046875,-184.58834838867188,1975.0911865234375,1975.268798828125,2.5373134328358207,510,,,,,,,,,,,,,,,,,
,,,,,,,,,,,2.5373134328358207,510,1.1376672983169556,0.6191,369.876,46.84,-0.8719202280044556,-0.9290708303451538,0.5431034564971924,0.057150647044181824,-223.83413696289062,-183.42453002929688,1974.805419921875,1975.4591064453125,,,,,
0.4741,2704.373046875,2.4179104477611943e-06,0.2070666253566742,-1.0246881246566772,0.699999988079071,1.2317548990249634,-165.4934844970703,-192.76919555664062,1975.2867431640625,1975.514892578125,2.587064676616915,520,,,,,,,,,,,,,,,,,
,,,,,,,,,,,2.587064676616915,520,1.2106990814208984,0.6417,356.847,45.19,-1.0335930585861206,-0.9725584387779236,0.48017242550849915,-0.06103462353348732,-225.4508514404297,-183.8594207763672,1974.8731689453125,1975.4442138671875,,,,,
0.7014,4592.52197265625,2.3681592039800997e-06,-0.5234167575836182,-1.4623479843139648,0.699999988079071,0.9389312863349915,-160.33810424804688,-196.74440002441406,1975.2880859375,1974.295166015625,2.6368159203980097,530,,,,,,,,,,,,,,,,,
,,,,,,,,,,,2.6368159203980097,530,1.2444322109222412,0.6462,354.392,44.879,-1.046952724456787,-0.9801384210586548,0.4974138140678406,-0.06681424379348755,-225.58444213867188,-183.93524169921875,1974.8262939453125,1975.4117431640625,,,,,
0.777,9721.841796875,2.318407960199005e-06,-0.5214203000068665,-1.5433869361877441,0.550000011920929,1.0219666957855225,-187.84957885742188,-207.21273803710938,1974.771728515625,1974.668212890625,2.6865671641791042,540,,,,,,,,,,,,,,,,,
,,,,,,,,,,,2.6865671641791042,540,1.2273885011672974,0.6623,345.768,43.787,-0.9674030542373657,-1.0022732019424438,0.517241358757019,0.034870125353336334,-224.78892517089844,-184.15660095214844,1974.753173828125,1975.318115234375,,,,,
0.3111,3592.7978515625,2.268656716417911e-06,0.17006650567054749,-1.5394666194915771,0.8500000238418579,1.7095330953598022,-202.4144744873047,-222.6526336669922,1975.2613525390625,1974.6090087890625,2.7363184079601988,550,,,,,,,,,,,,,,,,,
,,,,,,,,,,,2.7363184079601988,550,1.1373891830444336,0.6263,365.666,46.307,-0.9929403066635132,-1.110619306564331,0.5086206793785095,0.1176789253950119,-225.0443115234375,-185.24002075195312,1974.68896484375,1975.2747802734375,,,,,
1.0348,15251.609375,2.2189054726368163e-06,-0.657869279384613,-1.0482213497161865,0.5,0.39035218954086304,-173.4013671875,-177.6646270751953,1974.4603271484375,1975.4644775390625,2.7860696517412933,560,,,,,,,,,,,,,,,,,
,,,,,,,,,,,2.7860696517412933,560,1.1971856355667114,0.6453,354.896,44.943,-1.0409560203552246,-1.0482289791107178,0.48879310488700867,0.007273044902831316,-225.5244598388672,-184.61611938476562,1974.756591796875,1975.3643798828125,,,,,
1.1227,6344.6123046875,2.1691542288557217e-06,-0.9881335496902466,-0.8545311689376831,0.44999998807907104,-0.1336022913455963,-192.40878295898438,-193.87620544433594,1974.3831787109375,1975.2894287109375,2.835820895522388,570,,,,,,,,,,,,,,,,,
,,,,,,,,,,,2.835820895522388,570,1.1915171146392822,0.6372,359.402,45.514,-1.0152690410614014,-1.0741217136383057,0.5232758522033691,0.058852460235357285,-225.267578125,-184.87506103515625,1974.749755859375,1975.3563232421875,,,,,
0.9186,8285.01953125,2.119402985074627e-06,-0.5323096513748169,-1.2559387683868408,0.6499999761581421,0.7236291170120239,-204.43612670898438,-219.0627899169922,1975.442138671875,1974.664794921875,2.8855721393034823,580,,,,,,,,,,,,,,,,,
,,,,,,,,,,,2.8855721393034823,580,1.2536205053329468,0.6729,340.312,43.096,-1.122588872909546,-1.0206184387207031,0.5043103694915771,-0.10197030007839203,-226.34078979492188,-184.34002685546875,1974.7451171875,1975.3375244140625,,,,,
1.0407,8818.0986328125,2.0696517412935325e-06,-0.08208619058132172,-0.7226787805557251,0.699999988079071,0.6405926942825317,-183.7908935546875,-216.82058715820312,1974.7265625,1974.9381103515625,2.935323383084577,590,,,,,,,,,,,,,,,,,
,,,,,,,,,,,2.935323383084577,590,1.1886303424835205,0.6318,362.475,45.903,-1.0840500593185425,-1.0379389524459839,0.48017242550849915,-0.046111103147268295,-225.9553985595703,-184.51324462890625,1974.6767578125,1975.31982421875,,,,,
0.511,2132.566650390625,2.019900497512438e-06,0.1343933343887329,-1.3176835775375366,0.800000011920929,1.452077031135559,-205.73031616210938,-200.9981689453125,1974.676513671875,1974.4468994140625,2.9850746268656714,600,,,,,,,,,,,,,,,,,
,,,,,,,,,,,2.9850746268656714,600,1.1790204048156738,0.709,322.985,40.902,-1.0240683555603027,-1.0115587711334229,0.49482759833335876,-0.012509407475590706,-225.3555908203125,-184.24942016601562,1974.673583984375,1975.3258056640625,,,,,
0.8489,6482.82421875,1.9701492537313433e-06,-0.11865967512130737,-0.7517620921134949,0.6499999761581421,0.6331023573875427,-182.98519897460938,-211.66983032226562,1974.877197265625,1974.4849853515625,3.0348258706467663,610,,,,,,,,,,,,,,,,,
,,,,,,,,,,,3.0348258706467663,610,1.0933579206466675,0.6721,340.7,43.145,-0.8986417651176453,-1.082433819770813,0.5318965315818787,0.18379196524620056,-224.10133361816406,-184.9581756591797,1974.6156005859375,1975.2420654296875,,,,,
0.5782,3715.7373046875,1.920398009950249e-06,-0.11588563770055771,-1.2549272775650024,0.75,1.1390416622161865,-197.98593139648438,-216.5708465576172,1974.452392578125,1974.5589599609375,3.084577114427861,620,,,,,,,,,,,,,,,,,
,,,,,,,,,,,3.084577114427861,620,0.9944301843643188,0.6358,360.199,45.615,-0.8318591117858887,-1.2242592573165894,0.6068965792655945,0.3923999071121216,-223.43350219726562,-186.3764190673828,1974.539794921875,1975.2557373046875,,,,,
0.7901,3787.697265625,1.8706467661691543e-06,-0.6981878280639648,-1.0878924131393433,0.550000011920929,0.3897046148777008,-164.63327026367188,-183.92807006835938,1974.259765625,1974.2008056640625,3.1343283582089554,630,,,,,,,,,,,,,,,,,
,,,,,,,,,,,3.1343283582089554,630,1.014265775680542,0.7022,326.111,41.298,-0.7327207922935486,-1.1152924299240112,0.5431034564971924,0.3825715184211731,-222.44212341308594,-185.28677368164062,1974.4638671875,1975.1455078125,,,,,
0.8924,4886.0849609375,1.8208955223880597e-06,-0.23683714866638184,-0.7479260563850403,0.550000011920929,0.5110888481140137,-175.201904296875,-191.8511199951172,1974.564208984375,1974.869140625,3.18407960199005,640,,,,,,,,,,,,,,,,,
,,,,,,,,,,,3.18407960199005,640,1.092432975769043,0.712,321.622,40.729,-1.0275176763534546,-1.1780626773834229,0.4991379380226135,0.15054495632648468,-225.3900909423828,-185.91445922851562,1974.3896484375,1975.0535888671875,,,,,
1.0684,26181.439453125,1.7711442786069651e-06,-0.2816748023033142,-1.0841071605682373,0.6000000238418579,0.8024323582649231,-201.3989715576172,-204.1846160888672,1975.272705078125,1975.2357177734375,3.2338308457711444,650,,,,,,,,,,,,,,,,,
,,,,,,,,,,,3.2338308457711444,650,1.0962096452713013,0.7164,319.651,40.48,-0.8543577790260315,-1.0373132228851318,0.5310344696044922,0.1829555332660675,-223.65847778320312,-184.50697326660156,1974.4080810546875,1975.066162109375,,,,,
1.081,8843.138671875,1.721393034825871e-06,-0.3522809147834778,-0.764204740524292,0.44999998807907104,0.411923885345459,-204.9936065673828,-204.5704803466797,1974.2939453125,1975.484375,3.283582089552239,660,,,,,,,,,,,,,,,,,
,,,,,,,,,,,3.283582089552239,660,1.1940406560897827,0.6548,349.719,44.288,-1.1026703119277954,-1.1445144414901733,0.5232758522033691,0.04184408858418465,-226.14161682128906,-185.57899475097656,1974.4112548828125,1975.0648193359375,,,,,
0.8713,6370.22021484375,1.6716417910447764e-06,-0.8809350728988647,-1.98029363155365,0.6000000238418579,1.0993585586547852,-197.14894104003906,-211.66421508789062,1974.147216796875,1974.3590087890625,3.3333333333333335,670,,,,,,,,,,,,,,,,,
,,,,,,,,,,,3.3333333333333335,670,1.1488738059997559,0.636,360.044,45.595,-0.9935433864593506,-1.1015177965164185,0.5336207151412964,0.10797446221113205,-225.0503387451172,-185.14901733398438,1974.3465576171875,1974.9920654296875,,,,,
0.4444,8074.74658203125,1.6218905472636818e-06,0.3343377709388733,-1.9341284036636353,0.75,2.2684662342071533,-201.614501953125,-235.1134033203125,1974.998779296875,1974.6400146484375,3.383084577114428,680,,,,,,,,,,,,,,,,,
,,,,,,,,,,,3.383084577114428,680,1.2003610134124756,0.6397,357.987,45.335,-0.9901367425918579,-1.0586735010147095,0.5120689868927002,0.06853678822517395,-225.01626586914062,-184.7205810546875,1974.254150390625,1974.9320068359375,,,,,
0.3777,1638.1602783203125,1.5721393034825872e-06,-0.020973503589630127,-1.7320337295532227,0.8999999761581421,1.7110602855682373,-209.5475616455078,-210.28994750976562,1974.7894287109375,1974.3834228515625,3.4328358208955225,690,,,,,,,,,,,,,,,,,
,,,,,,,,,,,3.4328358208955225,690,1.1997768878936768,0.6358,360.151,45.609,-1.0214028358459473,-1.079864740371704,0.5362069010734558,0.05846192687749863,-225.32894897460938,-184.93246459960938,1974.255615234375,1974.9434814453125,,,,,
0.4552,7541.50244140625,1.5223880597014926e-06,-0.07095398008823395,-1.7357568740844727,0.800000011920929,1.6648029088974,-184.1157684326172,-194.0791473388672,1974.2025146484375,1974.7642822265625,3.482587064676617,700,,,,,,,,,,,,,,,,,
,,,,,,,,,,,3.482587064676617,700,1.1222054958343506,0.6498,352.424,44.63,-0.9476444721221924,-1.0857517719268799,0.5379310250282288,0.13810725510120392,-224.5913543701172,-184.99134826660156,1974.216552734375,1974.9002685546875,,,,,
0.5722,7400.0146484375,1.4726368159203982e-06,-0.4464947581291199,-1.2838081121444702,0.75,0.8373132944107056,-179.21774291992188,-192.95907592773438,1974.115234375,1974.0755615234375,3.5323383084577116,710,,,,,,,,,,,,,,,,,
,,,,,,,,,,,3.5323383084577116,710,1.200133204460144,0.6335,361.484,45.778,-0.9842842221260071,-1.0017837285995483,0.5232758522033691,0.01749950833618641,-224.95773315429688,-184.15167236328125,1974.21630859375,1974.836181640625,,,,,
0.7007,2582.743896484375,1.4228855721393036e-06,-0.42293334007263184,-1.9200379848480225,0.75,1.4971044063568115,-180.4818115234375,-225.9141082763672,1973.992919921875,1974.241943359375,3.582089552238806,720,,,,,,,,,,,,,,,,,
,,,,,,,,,,,3.582089552238806,720,1.1768056154251099,0.728,314.549,39.834,-1.0446792840957642,-1.161176085472107,0.5422413945198059,0.11649693548679352,-225.56170654296875,-185.74560546875,1974.190185546875,1974.83349609375,,,,,
0.5419,9346.4384765625,1.373134328358209e-06,-0.511517345905304,-1.6362451314926147,0.6499999761581421,1.1247278451919556,-192.67758178710938,-193.15138244628906,1975.6038818359375,1975.274169921875,3.6318407960199006,730,,,,,,,,,,,,,,,,,
,,,,,,,,,,,3.6318407960199006,730,1.1398998498916626,0.7629,300.153,38.011,-0.9546879529953003,-1.1149502992630005,0.5310344696044922,0.16026221215724945,-224.66177368164062,-185.28334045410156,1974.161376953125,1974.8341064453125,,,,,
0.6087,19019.4921875,1.3233830845771144e-06,-0.2527099549770355,-1.156622290611267,0.699999988079071,0.903912365436554,-169.04959106445312,-175.79830932617188,1974.3726806640625,1974.7086181640625,3.681592039800995,740,,,,,,,,,,,,,,,,,
,,,,,,,,,,,3.681592039800995,740,1.1946085691452026,0.7699,297.45,37.668,-1.044876217842102,-1.1166009902954102,0.5250000357627869,0.07172476500272751,-225.5636749267578,-185.29983520507812,1974.1414794921875,1974.8409423828125,,,,,
0.7805,15372.318359375,1.27363184079602e-06,-0.8013361096382141,-1.4760706424713135,0.6000000238418579,0.6747344732284546,-186.4981689453125,-191.29562377929688,1975.072509765625,1974.618896484375,3.7313432835820897,750,,,,,,,,,,,,,,,,,
,,,,,,,,,,,3.7313432835820897,750,1.211363434791565,0.7685,297.978,37.735,-1.0116652250289917,-0.9963878393173218,0.49482759833335876,-0.01527747604995966,-225.23153686523438,-184.0977020263672,1974.134521484375,1974.764404296875,,,,,
0.3411,3064.76806640625,1.2238805970149254e-06,0.3159613013267517,-1.7914069890975952,0.8500000238418579,2.107368230819702,-217.16470336914062,-222.9331512451172,1974.207275390625,1974.4840087890625,3.781094527363184,760,,,,,,,,,,,,,,,,,
,,,,,,,,,,,3.781094527363184,760,1.1467642784118652,0.7748,295.563,37.429,-0.9787458181381226,-1.1461249589920044,0.509482741355896,0.16737915575504303,-224.90235900878906,-185.5950927734375,1974.077880859375,1974.781982421875,,,,,
0.7657,5928.953125,1.1741293532338308e-06,-0.21851563453674316,-1.3261266946792603,0.6000000238418579,1.1076111793518066,-190.9683837890625,-180.6504364013672,1973.781005859375,1973.48046875,3.8308457711442787,770,,,,,,,,,,,,,,,,,
,,,,,,,,,,,3.8308457711442787,770,1.1667919158935547,0.6621,345.862,43.799,-1.0544880628585815,-1.17672598361969,0.5448275804519653,0.12223796546459198,-225.65980529785156,-185.90109252929688,1974.0343017578125,1974.7144775390625,,,,,
0.5614,8916.3369140625,1.1243781094527364e-06,-0.4226147532463074,-1.3549585342407227,0.6499999761581421,0.9323436617851257,-213.15286254882812,-191.19126892089844,1974.0989990234375,1974.180908203125,3.8805970149253732,780,,,,,,,,,,,,,,,,,
,,,,,,,,,,,3.8805970149253732,780,1.221792221069336,0.7702,297.312,37.651,-1.0435158014297485,-1.0681740045547485,0.5353448390960693,0.02465820498764515,-225.55003356933594,-184.8155975341797,1974.042724609375,1974.7244873046875,,,,,
0.6638,2224.178466796875,1.0746268656716418e-06,0.04150880500674248,-0.7693890333175659,0.699999988079071,0.8108978271484375,-176.62144470214844,-188.57174682617188,1974.8046875,1974.625,3.9303482587064678,790,,,,,,,,,,,,,,,,,
,,,,,,,,,,,3.9303482587064678,790,1.1081591844558716,0.7119,321.68,40.737,-0.8770128488540649,-1.176045298576355,0.5465517640113831,0.2990325391292572,-223.8850555419922,-185.89430236816406,1974.00634765625,1974.701904296875,,,,,
0.4874,3904.173583984375,1.0248756218905473e-06,-0.14194521307945251,-1.8787519931793213,0.949999988079071,1.7368066310882568,-185.6985321044922,-190.9169921875,1974.4371337890625,1974.558349609375,3.9800995024875623,800,,,,,,,,,,,,,,,,,
,,,,,,,,,,,3.9800995024875623,800,1.1327013969421387,0.7356,311.308,39.423,-1.0233910083770752,-1.18684720993042,0.5336207151412964,0.16345611214637756,-225.3488311767578,-186.00230407714844,1974.002197265625,1974.6553955078125,,,,,
0.6089,4724.177734375,9.751243781094529e-07,-0.30109983682632446,-1.3286298513412476,0.800000011920929,1.0275299549102783,-195.52944946289062,-204.3171844482422,1973.79296875,1973.970458984375,4.029850746268656,810,,,,,,,,,,,,,,,,,
,,,,,,,,,,,4.029850746268656,810,1.0982409715652466,0.6526,350.89,44.436,-0.8807898163795471,-1.086860179901123,0.5163792967796326,0.2060704529285431,-223.9228057861328,-185.00244140625,1974.011474609375,1974.67822265625,,,,,
0.5371,10980.6806640625,9.253731343283583e-07,-0.1589483916759491,-1.4971123933792114,0.800000011920929,1.3381640911102295,-192.60714721679688,-213.82553100585938,1974.320068359375,1974.8365478515625,4.079601990049751,820,,,,,,,,,,,,,,,,,
,,,,,,,,,,,4.079601990049751,820,1.1343106031417847,0.7726,296.405,37.536,-0.933987557888031,-1.1491668224334717,0.5551724433898926,0.2151791751384735,-224.4547882080078,-185.62550354003906,1973.965576171875,1974.642822265625,,,,,
0.3656,1317.09521484375,8.756218905472638e-07,0.13602234423160553,-1.481237769126892,0.75,1.6172603368759155,-161.2465362548828,-168.9026336669922,1974.0523681640625,1975.072265625,4.129353233830845,830,,,,,,,,,,,,,,,,,
,,,,,,,,,,,4.129353233830845,830,1.1118332147598267,0.7722,296.537,37.553,-0.869763970375061,-1.0959030389785767,0.5129310488700867,0.22613923251628876,-223.81253051757812,-185.0928955078125,1973.9974365234375,1974.6768798828125,,,,,
0.5685,1815.56005859375,8.258706467661693e-07,-0.3520495891571045,-1.5179059505462646,0.75,1.1658563613891602,-201.4123077392578,-216.7472686767578,1974.618408203125,1973.8775634765625,4.17910447761194,840,,,,,,,,,,,,,,,,,
,,,,,,,,,,,4.17910447761194,840,1.1522539854049683,0.7582,302.036,38.249,-1.028187870979309,-1.1077229976654053,0.5103448629379272,0.07953525334596634,-225.3967742919922,-185.21107482910156,1973.9903564453125,1974.6524658203125,,,,,
0.4171,7283.1162109375,7.761194029850747e-07,0.1499047875404358,-1.6174652576446533,0.75,1.7673698663711548,-196.5630340576172,-213.22775268554688,1974.0064697265625,1973.955322265625,4.2288557213930345,850,,,,,,,,,,,,,,,,,
,,,,,,,,,,,4.2288557213930345,850,1.2213654518127441,0.774,295.87,37.468,-1.0785372257232666,-1.1474392414093018,0.48017242550849915,0.06890200823545456,-225.90028381347656,-185.6082305908203,1973.919189453125,1974.6611328125,,,,,
0.8827,22573.798828125,7.263681592039802e-07,-0.7496343851089478,-1.221846342086792,0.699999988079071,0.47221192717552185,-197.83700561523438,-199.44696044921875,1973.867919921875,1974.405029296875,4.278606965174129,860,,,,,,,,,,,,,,,,,
,,,,,,,,,,,4.278606965174129,860,1.191352128982544,0.7901,289.832,36.704,-1.0771815776824951,-1.1260895729064941,0.46465519070625305,0.04890799894928932,-225.88673400878906,-185.3947296142578,1973.9749755859375,1974.6544189453125,,,,,
0.4419,3820.08056640625,6.766169154228856e-07,-0.11510862410068512,-2.062793493270874,0.699999988079071,1.9476850032806396,-205.09408569335938,-225.57821655273438,1974.216064453125,1973.7337646484375,4.3283582089552235,870,,,,,,,,,,,,,,,,,
,,,,,,,,,,,4.3283582089552235,870,1.184818148612976,0.7815,293.041,37.11,-0.9429083466529846,-1.0212743282318115,0.5232758522033691,0.07836604863405228,-224.54400634765625,-184.34657287597656,1973.9404296875,1974.647216796875,,,,,
0.6268,20121.83984375,6.26865671641791e-07,0.040982652455568314,-0.8282104730606079,0.6499999761581421,0.8691930770874023,-159.82376098632812,-182.21066284179688,1974.397705078125,1974.2392578125,4.378109452736318,880,,,,,,,,,,,,,,,,,
,,,,,,,,,,,4.378109452736318,880,1.1921133995056152,0.7966,287.457,36.403,-1.0918118953704834,-1.0488922595977783,0.49224135279655457,-0.042919620871543884,-226.03302001953125,-184.62277221679688,1974.0035400390625,1974.6546630859375,,,,,
0.4458,12180.7431640625,5.771144278606965e-07,0.2612963914871216,-1.0200408697128296,0.8999999761581421,1.2813373804092407,-188.45758056640625,-185.11277770996094,1973.384521484375,1973.930419921875,4.4278606965174125,890,,,,,,,,,,,,,,,,,
,,,,,,,,,,,4.4278606965174125,890,1.2520205974578857,0.783,292.473,37.038,-1.0782054662704468,-1.1116633415222168,0.4818965792655945,0.033457737416028976,-225.89698791503906,-185.25047302246094,1973.965087890625,1974.6475830078125,,,,,
0.4824,3848.630859375,5.27363184079602e-07,-0.7041729688644409,-2.372871160507202,0.800000011920929,1.6686980724334717,-189.11233520507812,-214.18228149414062,1973.9232177734375,1973.2796630859375,4.477611940298507,900,,,,,,,,,,,,,,,,,
,,,,,,,,,,,4.477611940298507,900,1.1524951457977295,0.7194,318.321,40.311,-1.0584802627563477,-1.1077921390533447,0.5034483075141907,0.04931199550628662,-225.69972229003906,-185.2117462158203,1973.9569091796875,1974.591552734375,,,,,
0.625,12188.490234375,4.776119402985075e-07,-0.5468658208847046,-1.7003870010375977,0.699999988079071,1.153521180152893,-201.0596466064453,-190.1575469970703,1973.9066162109375,1974.44140625,4.5273631840796025,910,,,,,,,,,,,,,,,,,
,,,,,,,,,,,4.5273631840796025,910,1.0993529558181763,0.7177,319.072,40.406,-0.9612759947776794,-1.162347435951233,0.509482741355896,0.20107142627239227,-224.72767639160156,-185.75730895996094,1973.91845703125,1974.6431884765625,,,,,
0.4739,1065.2861328125,4.27860696517413e-07,-0.1454211324453354,-1.804520845413208,0.800000011920929,1.659099817276001,-199.88052368164062,-204.3522491455078,1974.2554931640625,1974.176513671875,4.577114427860696,920,,,,,,,,,,,,,,,,,
,,,,,,,,,,,4.577114427860696,920,1.305352807044983,0.6767,338.419,42.857,-1.283894658088684,-1.1208016872406006,0.45948275923728943,-0.16309300065040588,-227.95387268066406,-185.34185791015625,1973.9033203125,1974.6102294921875,,,,,
0.5626,6159.63916015625,3.781094527363184e-07,-0.030550550669431686,-1.676133394241333,0.699999988079071,1.645582914352417,-162.84500122070312,-189.0732421875,1974.4652099609375,1974.205810546875,4.6268656716417915,930,,,,,,,,,,,,,,,,,
,,,,,,,,,,,4.6268656716417915,930,1.1243904829025269,0.6869,333.363,42.216,-1.048583745956421,-1.1994255781173706,0.507758617401123,0.15084174275398254,-225.6007537841797,-186.1280975341797,1973.911376953125,1974.620849609375,,,,,
0.6069,3646.3232421875,3.283582089552239e-07,-1.0232598781585693,-1.8998682498931885,0.800000011920929,0.8766081929206848,-218.8703155517578,-203.30860900878906,1974.359619140625,1975.0474853515625,4.676616915422885,940,,,,,,,,,,,,,,,,,
,,,,,,,,,,,4.676616915422885,940,1.0641345977783203,0.6773,338.124,42.819,-1.0376853942871094,-1.293624758720398,0.5491379499435425,0.25593939423561096,-225.4917449951172,-187.07008361816406,1973.8968505859375,1974.60693359375,,,,,
0.3353,5335.36865234375,2.7860696517412936e-07,-0.012973001226782799,-1.8799407482147217,0.8500000238418579,1.866967797279358,-201.7568359375,-214.44839477539062,1973.6929931640625,1974.6097412109375,4.726368159203981,950,,,,,,,,,,,,,,,,,
,,,,,,,,,,,4.726368159203981,950,1.1227012872695923,0.7847,291.824,36.956,-1.1011154651641846,-1.2042365074157715,0.4749999940395355,0.10312119126319885,-226.12603759765625,-186.1762237548828,1973.9024658203125,1974.5675048828125,,,,,
0.9135,10195.33203125,2.2885572139303484e-07,-0.8985375165939331,-1.0767974853515625,0.5,0.17825989425182343,-194.4517822265625,-192.1608428955078,1973.9622802734375,1974.0357666015625,4.776119402985074,960,,,,,,,,,,,,,,,,,
,,,,,,,,,,,4.776119402985074,960,1.1755472421646118,0.6822,335.672,42.509,-1.0855902433395386,-1.137926697731018,0.5146551728248596,0.052336402237415314,-225.97080993652344,-185.51309204101562,1973.87646484375,1974.5614013671875,,,,,
0.5658,3478.965576171875,1.7910447761194033e-07,-0.4566839337348938,-1.3537079095840454,0.75,0.8970239758491516,-195.40029907226562,-174.10369873046875,1974.5970458984375,1974.084228515625,4.82587064676617,970,,,,,,,,,,,,,,,,,
,,,,,,,,,,,4.82587064676617,970,1.1127703189849854,0.812,282.003,35.712,-1.0118087530136108,-1.2099151611328125,0.5336207151412964,0.19810625910758972,-225.23300170898438,-186.23300170898438,1973.9005126953125,1974.593017578125,,,,,
0.8399,8521.2763671875,1.2935323383084578e-07,-0.30307063460350037,-1.2411218881607056,0.6499999761581421,0.9380511045455933,-218.6999053955078,-203.61477661132812,1974.1429443359375,1974.307861328125,4.875621890547263,980,,,,,,,,,,,,,,,,,
,,,,,,,,,,,4.875621890547263,980,1.0996170043945312,0.7367,310.864,39.367,-0.9840936064720154,-1.1584616899490356,0.540517270565033,0.17436811327934265,-224.9558563232422,-185.7184600830078,1973.8994140625,1974.5692138671875,,,,,
0.8771,10718.3662109375,7.960199004975125e-08,-0.8885504007339478,-1.9250659942626953,0.6499999761581421,1.0365155935287476,-202.93453979492188,-228.21670532226562,1973.9984130859375,1973.7894287109375,4.925373134328359,990,,,,,,,,,,,,,,,,,
,,,,,,,,,,,4.925373134328359,990,1.0725592374801636,0.6602,346.843,43.923,-1.061079978942871,-1.2101844549179077,0.5206896662712097,0.14910444617271423,-225.7257080078125,-186.2356719970703,1973.8116455078125,1974.55322265625,,,,,
0.6941,10376.1484375,2.985074626865672e-08,-0.6532507538795471,-1.5034656524658203,0.5,0.850214958190918,-167.17884826660156,-189.4048614501953,1974.446533203125,1973.8515625,4.975124378109452,1000,,,,,,,,,,,,,,,,,
,,,,,,,,,,,4.975124378109452,1000,1.1372042894363403,0.6913,331.245,41.948,-1.049246907234192,-1.121045708656311,0.5103448629379272,0.07179881632328033,-225.6073760986328,-185.3442840576172,1973.8472900390625,1974.585693359375,,,,,
